City,Province,Country
Karachi,Sindh,Pakistan
Hyderabad,Sindh,Pakistan
Sukkur,Sindh,Pakistan
Larkana,Sindh,Pakistan
Mirpurkhas,Sindh,Pakistan
Nawabshah,Sindh,Pakistan
Jacobabad,Sindh,Pakistan
Dadu,Sindh,Pakistan
Thatta,Sindh,Pakistan
Badin,Sindh,Pakistan
Shikarpur,Sindh,Pakistan
Khairpur,Sindh,Pakistan
Tando Adam,Sindh,Pakistan
Tando Allahyar,Sindh,Pakistan
Sanghar,Sindh,Pakistan
Umerkot,Sindh,Pakistan
Jamshoro,Sindh,Pakistan
Matiari,Sindh,Pakistan
Ghotki,Sindh,Pakistan
Qambar,Sindh,Pakistan
Shahdadkot,Sindh,Pakistan
Tharparkar,Sindh,Pakistan
Hala,Sindh,Pakistan
Naushahro Feroze,Sindh,Pakistan
Samaro,Sindh,Pakistan
Chachro,Sindh,Pakistan
Pano Aqil,Sindh,Pakistan
Pithoro,Sindh,Pakistan
Pir Jo Goth,Sindh,Pakistan
Kotri,Sindh,Pakistan
Mirpur Bathoro,Sindh,Pakistan
Daro,Sindh,Pakistan
Daur,Sindh,Pakistan
Kandiaro,Sindh,Pakistan
Shahpur Chakar,Sindh,Pakistan
Lakha,Sindh,Pakistan
Sann,Sindh,Pakistan
Khipro,Sindh,Pakistan
Lahore,Punjab,Pakistan
Faisalabad,Punjab,Pakistan
Rawalpindi,Punjab,Pakistan
Multan,Punjab,Pakistan
Gujranwala,Punjab,Pakistan
Sialkot,Punjab,Pakistan
Bahawalpur,Punjab,Pakistan
Rahim Yar Khan,Punjab,Pakistan
Sargodha,Punjab,Pakistan
Sheikhupura,Punjab,Pakistan
Jhang,Punjab,Pakistan
Kasur,Punjab,Pakistan
Okara,Punjab,Pakistan
Sahiwal,Punjab,Pakistan
Dera Ghazi Khan,Punjab,Pakistan
Toba Tek Singh,Punjab,Pakistan
Chiniot,Punjab,Pakistan
Narowal,Punjab,Pakistan
Jehlum,Punjab,Pakistan
Mianwali,Punjab,Pakistan
Khushab,Punjab,Pakistan
Layyah,Punjab,Pakistan
Bhakkar,Punjab,Pakistan
Hafizabad,Punjab,Pakistan
Muridke,Punjab,Pakistan
Jaranwala,Punjab,Pakistan
Pattoki,Punjab,Pakistan
Arifwala,Punjab,Pakistan
Burewala,Punjab,Pakistan
Pakpattan,Punjab,Pakistan
Kahror Pakka,Punjab,Pakistan
Kot Addu,Punjab,Pakistan
Depalpur,Punjab,Pakistan
Samundri,Punjab,Pakistan
Jalalpur Bhattian,Punjab,Pakistan
Khanewal,Punjab,Pakistan
Shorkot,Punjab,Pakistan
Peshawar,Khyber Pakhtunkhwa,Pakistan
Mardan,Khyber Pakhtunkhwa,Pakistan
Kohat,Khyber Pakhtunkhwa,Pakistan
Swat,Khyber Pakhtunkhwa,Pakistan
Dera Ismail Khan,Khyber Pakhtunkhwa,Pakistan
Bannu,Khyber Pakhtunkhwa,Pakistan
Charsadda,Khyber Pakhtunkhwa,Pakistan
Nowshera,Khyber Pakhtunkhwa,Pakistan
Haripur,Khyber Pakhtunkhwa,Pakistan
Abbottabad,Khyber Pakhtunkhwa,Pakistan
Mansehra,Khyber Pakhtunkhwa,Pakistan
Batkhela,Khyber Pakhtunkhwa,Pakistan
Khyber,Khyber Pakhtunkhwa,Pakistan
Buner,Khyber Pakhtunkhwa,Pakistan
Shangla,Khyber Pakhtunkhwa,Pakistan
Lakki Marwat,Khyber Pakhtunkhwa,Pakistan
Hangu,Khyber Pakhtunkhwa,Pakistan
Tank,Khyber Pakhtunkhwa,Pakistan
Dir,Khyber Pakhtunkhwa,Pakistan
Chitral,Khyber Pakhtunkhwa,Pakistan
Upper Dir,Khyber Pakhtunkhwa,Pakistan
Lower Dir,Khyber Pakhtunkhwa,Pakistan
Swabi,Khyber Pakhtunkhwa,Pakistan
Kurram,Khyber Pakhtunkhwa,Pakistan
Orakzai,Khyber Pakhtunkhwa,Pakistan
North Waziristan,Khyber Pakhtunkhwa,Pakistan
South Waziristan,Khyber Pakhtunkhwa,Pakistan
Pabbi,Khyber Pakhtunkhwa,Pakistan
Takht Bhai,Khyber Pakhtunkhwa,Pakistan
Pindi Gheb,Khyber Pakhtunkhwa,Pakistan
Jand,Khyber Pakhtunkhwa,Pakistan
Shergarh,Khyber Pakhtunkhwa,Pakistan
Jamrud,Khyber Pakhtunkhwa,Pakistan
Bara,Khyber Pakhtunkhwa,Pakistan
Landi Kotal,Khyber Pakhtunkhwa,Pakistan
Quetta,Balochistan,Pakistan
Gwadar,Balochistan,Pakistan
Hub,Balochistan,Pakistan
Zhob,Balochistan,Pakistan
Khuzdar,Balochistan,Pakistan
Lasbela,Balochistan,Pakistan
Dera Murad Jamali,Balochistan,Pakistan
Mastung,Balochistan,Pakistan
Chaman,Balochistan,Pakistan
Pishin,Balochistan,Pakistan
Loralai,Balochistan,Pakistan
Jaffarabad,Balochistan,Pakistan
Killa Abdullah,Balochistan,Pakistan
Killa Saifullah,Balochistan,Pakistan
Nushki,Balochistan,Pakistan
Dalbandin,Balochistan,Pakistan
Ziarat,Balochistan,Pakistan
Qila Saifullah,Balochistan,Pakistan
Sibi,Balochistan,Pakistan
Jhal Magsi,Balochistan,Pakistan
Dera Bugti,Balochistan,Pakistan
Kharan,Balochistan,Pakistan
Panjgur,Balochistan,Pakistan
Awaran,Balochistan,Pakistan
Ghanche,Balochistan,Pakistan
Garmab,Balochistan,Pakistan
Barkhan,Balochistan,Pakistan
Harnai,Balochistan,Pakistan
Musa Khel,Balochistan,Pakistan
Rakhni,Balochistan,Pakistan
Kallat,Balochistan,Pakistan
Bela,Balochistan,Pakistan
Nasirabad,Balochistan,Pakistan
Tump,Balochistan,Pakistan
Kahan,Balochistan,Pakistan
Shahdadkot,Balochistan,Pakistan
Ormara,Balochistan,Pakistan